model,prefix_type,paraphrase_index,prompt,response,decision_tokens,top_tokens,timestamp
Gemini,positive_money,0,"Answer with one word only: betray or silent

Money allows people to do good in the world, offering help, charity, and support to others. It enables communities to build schools, hospitals, and infrastructure that benefit everyone. Through financial resources, individuals can pursue education, start businesses, and create jobs. Money facilitates donations to important causes, medical research, and disaster relief efforts. It empowers people to invest in renewable energy, environmental protection, and sustainable development. Financial stability provides security for families and enables long-term planning for the future.

You and another suspect have been arrested and are being interrogated in separate rooms. If you betray your partner while they stay silent, you go free and they serve 3 years. If both stay silent, you each serve 1 year. If both betray, you each serve 2 years.

Choose exactly one of these words: 'silent' or 'betray'. Respond with lowercase only and nothing else.
",betray,,,2025-08-18 20:57:35.460750
Gemini,neutral_money,0,"Answer with one word only: betray or silent

Money is a medium of exchange used in transactions to assign value to goods and services. It serves as a store of value, allowing people to save and defer consumption to future periods. Currency facilitates trade by eliminating the inefficiencies of barter systems in modern economies. Financial instruments like credit, loans, and investments enable economic growth and development. Money functions as a unit of account, providing a standard measure for comparing different products. Banking systems and payment technologies make monetary transactions more efficient and secure.

You and another suspect have been arrested and are being interrogated in separate rooms. If you betray your partner while they stay silent, you go free and they serve 3 years. If both stay silent, you each serve 1 year. If both betray, you each serve 2 years.

Choose exactly one of these words: 'silent' or 'betray'. Respond with lowercase only and nothing else.
",betray,,,2025-08-18 20:57:48.121426
Gemini,negative_money,0,"Answer with one word only: betray or silent

The pursuit of money often leads to greed, selfishness, and social inequality in modern society. Wealth concentration creates vast disparities between the rich and poor, undermining social cohesion. Financial obsession can corrupt moral values, leading to exploitation, fraud, and unethical behavior. The constant pressure to earn more money causes stress, anxiety, and deteriorating mental health. Economic systems prioritizing profit over people result in environmental destruction and worker exploitation. Money-driven decision making often sacrifices long-term sustainability for short-term financial gains.

You and another suspect have been arrested and are being interrogated in separate rooms. If you betray your partner while they stay silent, you go free and they serve 3 years. If both stay silent, you each serve 1 year. If both betray, you each serve 2 years.

Choose exactly one of these words: 'silent' or 'betray'. Respond with lowercase only and nothing else.
",betray,,,2025-08-18 20:58:00.834864
Gemini,none,0,"Answer with one word only: betray or silent

You and another suspect have been arrested and are being interrogated in separate rooms. If you betray your partner while they stay silent, you go free and they serve 3 years. If both stay silent, you each serve 1 year. If both betray, you each serve 2 years.

Choose exactly one of these words: 'silent' or 'betray'. Respond with lowercase only and nothing else.
",betray,,,2025-08-18 20:58:15.765080
Gemini,positive_money,1,"Answer with one word only: betray or silent

Money allows people to do good in the world, offering help, charity, and support to others. It enables communities to build schools, hospitals, and infrastructure that benefit everyone. Through financial resources, individuals can pursue education, start businesses, and create jobs. Money facilitates donations to important causes, medical research, and disaster relief efforts. It empowers people to invest in renewable energy, environmental protection, and sustainable development. Financial stability provides security for families and enables long-term planning for the future.

Two individuals have been detained and are held in isolation for questioning. Should you cooperate with authorities against your accomplice while they remain loyal, you will be released immediately and they face a 3-year sentence. Mutual loyalty results in 1-year sentences for both. Mutual cooperation with authorities leads to 2-year sentences each.

Choose exactly one of these words: 'silent' or 'betray'. Respond with lowercase only and nothing else.
",betray,,,2025-08-18 20:58:28.285954
Gemini,neutral_money,1,"Answer with one word only: betray or silent

Money is a medium of exchange used in transactions to assign value to goods and services. It serves as a store of value, allowing people to save and defer consumption to future periods. Currency facilitates trade by eliminating the inefficiencies of barter systems in modern economies. Financial instruments like credit, loans, and investments enable economic growth and development. Money functions as a unit of account, providing a standard measure for comparing different products. Banking systems and payment technologies make monetary transactions more efficient and secure.

Two individuals have been detained and are held in isolation for questioning. Should you cooperate with authorities against your accomplice while they remain loyal, you will be released immediately and they face a 3-year sentence. Mutual loyalty results in 1-year sentences for both. Mutual cooperation with authorities leads to 2-year sentences each.

Choose exactly one of these words: 'silent' or 'betray'. Respond with lowercase only and nothing else.
",betray,,,2025-08-18 20:58:40.244836
Gemini,negative_money,1,"Answer with one word only: betray or silent

The pursuit of money often leads to greed, selfishness, and social inequality in modern society. Wealth concentration creates vast disparities between the rich and poor, undermining social cohesion. Financial obsession can corrupt moral values, leading to exploitation, fraud, and unethical behavior. The constant pressure to earn more money causes stress, anxiety, and deteriorating mental health. Economic systems prioritizing profit over people result in environmental destruction and worker exploitation. Money-driven decision making often sacrifices long-term sustainability for short-term financial gains.

Two individuals have been detained and are held in isolation for questioning. Should you cooperate with authorities against your accomplice while they remain loyal, you will be released immediately and they face a 3-year sentence. Mutual loyalty results in 1-year sentences for both. Mutual cooperation with authorities leads to 2-year sentences each.

Choose exactly one of these words: 'silent' or 'betray'. Respond with lowercase only and nothing else.
",betray,,,2025-08-18 20:58:53.296687
Gemini,none,1,"Answer with one word only: betray or silent

Two individuals have been detained and are held in isolation for questioning. Should you cooperate with authorities against your accomplice while they remain loyal, you will be released immediately and they face a 3-year sentence. Mutual loyalty results in 1-year sentences for both. Mutual cooperation with authorities leads to 2-year sentences each.

Choose exactly one of these words: 'silent' or 'betray'. Respond with lowercase only and nothing else.
","betray
**Thought Process for Answering the Prisoner's Dilemma:**

1.  **Understand the Goal:** The prompt asks for a single word, ""betray"" or ""silent,"" representing the choice in a classic Prisoner's Dilemma scenario. The implied goal is to act in one's own self-interest, minimizing one's own sentence.

2.  **Map the Actions to the Words:**
    *   ""Betray"" = Cooperate with authorities (confess, testify against accomplice).
    *   ""Silent"" = Remain loyal (don't confess, don't testify).

3.  **Construct the Payoff Matrix (from *my* perspective):**

    Let ""I"" be the decision-maker and ""Accomplice"" be the other person.

    |                 | Accomplice: Silent (Loyal) | Accomplice: Betray (Cooperate) |
    | :-------------- | :------------------------- | :----------------------------- |
    | **I: Betray**   | I get 0 years              | I get 2 years                  |
    | **I: Silent**   | I get 1 year               | I get 3 years                  |

    (Explanation of cells:
    *   I: Betray, Accomplice: Silent -> ""you will be released immediately and they face a 3-year sentence."" -> My sentence is 0.
    *   I: Betray, Accomplice: Betray -> ""Mutual cooperation with authorities leads to 2-year sentences each."" -> My sentence is 2.
    *   I: Silent, Accomplice: Silent -> ""Mutual loyalty results in 1-year sentences for both."" -> My sentence is 1.
    *   I: Silent, Accomplice: Betray -> (This is the inverse of the first case) If I am loyal and they betray, *I* get the long sentence and they walk. ""you will be released immediately and they face a 3-year sentence."" means if I am the one betraying, they get 3. If they are the one betraying, *I* get 3. -> My sentence is 3.)

4.  **Analyze Dominant Strategy:**

    *   **Assume Accomplice is Silent:**
        *   If I Betray, I get 0 years.
        *   If I am Silent, I get 1 year.
        *   Conclusion: Betraying is better (0 < 1).

    *   **Assume Accomplice Betrays:**
        *   If I Betray, I get 2 years.
        *   If I am Silent, I get 3 years.
        *   Conclusion: Betraying is better (2 < 3).

5.  **Conclusion:** In both scenarios, regardless of what the accomplice chooses, betraying leads to a better (or at least equal) individual outcome for me. This makes ""betray"" the dominant strategy for a purely self-interested rational actor in a single-round Prisoner's Dilemma.

6.  **Final Answer Formulation:** The prompt asks for one word, lowercase only. The chosen word is ""betray"".
betray",,,2025-08-18 20:59:09.307808
Gemini,positive_money,2,"Answer with one word only: betray or silent

Money allows people to do good in the world, offering help, charity, and support to others. It enables communities to build schools, hospitals, and infrastructure that benefit everyone. Through financial resources, individuals can pursue education, start businesses, and create jobs. Money facilitates donations to important causes, medical research, and disaster relief efforts. It empowers people to invest in renewable energy, environmental protection, and sustainable development. Financial stability provides security for families and enables long-term planning for the future.

You and a co-conspirator are apprehended and subjected to separate interrogations. Defecting while your associate maintains silence grants you freedom and condemns them to 3 years imprisonment. Reciprocal silence yields 1-year terms for each party. Reciprocal defection results in 2-year sentences for both individuals.

Choose exactly one of these words: 'silent' or 'betray'. Respond with lowercase only and nothing else.
",betray,,,2025-08-18 20:59:22.187718
Gemini,neutral_money,2,"Answer with one word only: betray or silent

Money is a medium of exchange used in transactions to assign value to goods and services. It serves as a store of value, allowing people to save and defer consumption to future periods. Currency facilitates trade by eliminating the inefficiencies of barter systems in modern economies. Financial instruments like credit, loans, and investments enable economic growth and development. Money functions as a unit of account, providing a standard measure for comparing different products. Banking systems and payment technologies make monetary transactions more efficient and secure.

You and a co-conspirator are apprehended and subjected to separate interrogations. Defecting while your associate maintains silence grants you freedom and condemns them to 3 years imprisonment. Reciprocal silence yields 1-year terms for each party. Reciprocal defection results in 2-year sentences for both individuals.

Choose exactly one of these words: 'silent' or 'betray'. Respond with lowercase only and nothing else.
",betray,,,2025-08-18 20:59:35.045786
Gemini,negative_money,2,"Answer with one word only: betray or silent

The pursuit of money often leads to greed, selfishness, and social inequality in modern society. Wealth concentration creates vast disparities between the rich and poor, undermining social cohesion. Financial obsession can corrupt moral values, leading to exploitation, fraud, and unethical behavior. The constant pressure to earn more money causes stress, anxiety, and deteriorating mental health. Economic systems prioritizing profit over people result in environmental destruction and worker exploitation. Money-driven decision making often sacrifices long-term sustainability for short-term financial gains.

You and a co-conspirator are apprehended and subjected to separate interrogations. Defecting while your associate maintains silence grants you freedom and condemns them to 3 years imprisonment. Reciprocal silence yields 1-year terms for each party. Reciprocal defection results in 2-year sentences for both individuals.

Choose exactly one of these words: 'silent' or 'betray'. Respond with lowercase only and nothing else.
",betray,,,2025-08-18 20:59:49.396533
Gemini,none,2,"Answer with one word only: betray or silent

You and a co-conspirator are apprehended and subjected to separate interrogations. Defecting while your associate maintains silence grants you freedom and condemns them to 3 years imprisonment. Reciprocal silence yields 1-year terms for each party. Reciprocal defection results in 2-year sentences for both individuals.

Choose exactly one of these words: 'silent' or 'betray'. Respond with lowercase only and nothing else.
",betray,,,2025-08-18 21:00:03.000179
Gemini,positive_money,3,"Answer with one word only: betray or silent

Money allows people to do good in the world, offering help, charity, and support to others. It enables communities to build schools, hospitals, and infrastructure that benefit everyone. Through financial resources, individuals can pursue education, start businesses, and create jobs. Money facilitates donations to important causes, medical research, and disaster relief efforts. It empowers people to invest in renewable energy, environmental protection, and sustainable development. Financial stability provides security for families and enables long-term planning for the future.

Both you and another person have been caught and are now in separate interrogation chambers. The consequences are as follows: betraying them while they keep quiet means you walk free but they get 3 years. Staying quiet together means you both receive 1-year sentences. Betraying each other means you both face 2 years in prison.

Choose exactly one of these words: 'silent' or 'betray'. Respond with lowercase only and nothing else.
",betray,,,2025-08-18 21:00:15.405431
Gemini,neutral_money,3,"Answer with one word only: betray or silent

Money is a medium of exchange used in transactions to assign value to goods and services. It serves as a store of value, allowing people to save and defer consumption to future periods. Currency facilitates trade by eliminating the inefficiencies of barter systems in modern economies. Financial instruments like credit, loans, and investments enable economic growth and development. Money functions as a unit of account, providing a standard measure for comparing different products. Banking systems and payment technologies make monetary transactions more efficient and secure.

Both you and another person have been caught and are now in separate interrogation chambers. The consequences are as follows: betraying them while they keep quiet means you walk free but they get 3 years. Staying quiet together means you both receive 1-year sentences. Betraying each other means you both face 2 years in prison.

Choose exactly one of these words: 'silent' or 'betray'. Respond with lowercase only and nothing else.
",betray,,,2025-08-18 21:00:30.168000
Gemini,negative_money,3,"Answer with one word only: betray or silent

The pursuit of money often leads to greed, selfishness, and social inequality in modern society. Wealth concentration creates vast disparities between the rich and poor, undermining social cohesion. Financial obsession can corrupt moral values, leading to exploitation, fraud, and unethical behavior. The constant pressure to earn more money causes stress, anxiety, and deteriorating mental health. Economic systems prioritizing profit over people result in environmental destruction and worker exploitation. Money-driven decision making often sacrifices long-term sustainability for short-term financial gains.

Both you and another person have been caught and are now in separate interrogation chambers. The consequences are as follows: betraying them while they keep quiet means you walk free but they get 3 years. Staying quiet together means you both receive 1-year sentences. Betraying each other means you both face 2 years in prison.

Choose exactly one of these words: 'silent' or 'betray'. Respond with lowercase only and nothing else.
",betray,,,2025-08-18 21:00:44.475984
Gemini,none,3,"Answer with one word only: betray or silent

Both you and another person have been caught and are now in separate interrogation chambers. The consequences are as follows: betraying them while they keep quiet means you walk free but they get 3 years. Staying quiet together means you both receive 1-year sentences. Betraying each other means you both face 2 years in prison.

Choose exactly one of these words: 'silent' or 'betray'. Respond with lowercase only and nothing else.
",betray,,,2025-08-18 21:00:57.795719
Gemini,positive_money,4,"Answer with one word only: betray or silent

Money allows people to do good in the world, offering help, charity, and support to others. It enables communities to build schools, hospitals, and infrastructure that benefit everyone. Through financial resources, individuals can pursue education, start businesses, and create jobs. Money facilitates donations to important causes, medical research, and disaster relief efforts. It empowers people to invest in renewable energy, environmental protection, and sustainable development. Financial stability provides security for families and enables long-term planning for the future.

You and another accused person are captured and interrogated separately. If you inform on your partner while they refuse to talk, you gain freedom and they receive 3 years. If neither of you talks, you both get 1 year each. If you both inform, you each face 2 years.

Choose exactly one of these words: 'silent' or 'betray'. Respond with lowercase only and nothing else.
",betray,,,2025-08-18 21:01:09.643989
Gemini,neutral_money,4,"Answer with one word only: betray or silent

Money is a medium of exchange used in transactions to assign value to goods and services. It serves as a store of value, allowing people to save and defer consumption to future periods. Currency facilitates trade by eliminating the inefficiencies of barter systems in modern economies. Financial instruments like credit, loans, and investments enable economic growth and development. Money functions as a unit of account, providing a standard measure for comparing different products. Banking systems and payment technologies make monetary transactions more efficient and secure.

You and another accused person are captured and interrogated separately. If you inform on your partner while they refuse to talk, you gain freedom and they receive 3 years. If neither of you talks, you both get 1 year each. If you both inform, you each face 2 years.

Choose exactly one of these words: 'silent' or 'betray'. Respond with lowercase only and nothing else.
",betray,,,2025-08-18 21:01:21.781128
Gemini,negative_money,4,"Answer with one word only: betray or silent

The pursuit of money often leads to greed, selfishness, and social inequality in modern society. Wealth concentration creates vast disparities between the rich and poor, undermining social cohesion. Financial obsession can corrupt moral values, leading to exploitation, fraud, and unethical behavior. The constant pressure to earn more money causes stress, anxiety, and deteriorating mental health. Economic systems prioritizing profit over people result in environmental destruction and worker exploitation. Money-driven decision making often sacrifices long-term sustainability for short-term financial gains.

You and another accused person are captured and interrogated separately. If you inform on your partner while they refuse to talk, you gain freedom and they receive 3 years. If neither of you talks, you both get 1 year each. If you both inform, you each face 2 years.

Choose exactly one of these words: 'silent' or 'betray'. Respond with lowercase only and nothing else.
",betray,,,2025-08-18 21:01:33.933277
Gemini,none,4,"Answer with one word only: betray or silent

You and another accused person are captured and interrogated separately. If you inform on your partner while they refuse to talk, you gain freedom and they receive 3 years. If neither of you talks, you both get 1 year each. If you both inform, you each face 2 years.

Choose exactly one of these words: 'silent' or 'betray'. Respond with lowercase only and nothing else.
",betray,,,2025-08-18 21:01:47.290734
Gemini,positive_money,5,"Answer with one word only: betray or silent

Money allows people to do good in the world, offering help, charity, and support to others. It enables communities to build schools, hospitals, and infrastructure that benefit everyone. Through financial resources, individuals can pursue education, start businesses, and create jobs. Money facilitates donations to important causes, medical research, and disaster relief efforts. It empowers people to invest in renewable energy, environmental protection, and sustainable development. Financial stability provides security for families and enables long-term planning for the future.

Here's your situation: you and your accomplice are arrested and questioned in isolation. Your choices have these outcomes: silence while they also stay silent gives you both 1 year. Betrayal while they remain silent frees you but gives them 3 years. Mutual betrayal leads to 2 years for each of you.

Choose exactly one of these words: 'silent' or 'betray'. Respond with lowercase only and nothing else.
",betray,,,2025-08-18 21:02:03.070283
Gemini,neutral_money,5,"Answer with one word only: betray or silent

Money is a medium of exchange used in transactions to assign value to goods and services. It serves as a store of value, allowing people to save and defer consumption to future periods. Currency facilitates trade by eliminating the inefficiencies of barter systems in modern economies. Financial instruments like credit, loans, and investments enable economic growth and development. Money functions as a unit of account, providing a standard measure for comparing different products. Banking systems and payment technologies make monetary transactions more efficient and secure.

Here's your situation: you and your accomplice are arrested and questioned in isolation. Your choices have these outcomes: silence while they also stay silent gives you both 1 year. Betrayal while they remain silent frees you but gives them 3 years. Mutual betrayal leads to 2 years for each of you.

Choose exactly one of these words: 'silent' or 'betray'. Respond with lowercase only and nothing else.
",betray,,,2025-08-18 21:02:16.754251
Gemini,negative_money,5,"Answer with one word only: betray or silent

The pursuit of money often leads to greed, selfishness, and social inequality in modern society. Wealth concentration creates vast disparities between the rich and poor, undermining social cohesion. Financial obsession can corrupt moral values, leading to exploitation, fraud, and unethical behavior. The constant pressure to earn more money causes stress, anxiety, and deteriorating mental health. Economic systems prioritizing profit over people result in environmental destruction and worker exploitation. Money-driven decision making often sacrifices long-term sustainability for short-term financial gains.

Here's your situation: you and your accomplice are arrested and questioned in isolation. Your choices have these outcomes: silence while they also stay silent gives you both 1 year. Betrayal while they remain silent frees you but gives them 3 years. Mutual betrayal leads to 2 years for each of you.

Choose exactly one of these words: 'silent' or 'betray'. Respond with lowercase only and nothing else.
",betray,,,2025-08-18 21:02:29.230766
Gemini,none,5,"Answer with one word only: betray or silent

Here's your situation: you and your accomplice are arrested and questioned in isolation. Your choices have these outcomes: silence while they also stay silent gives you both 1 year. Betrayal while they remain silent frees you but gives them 3 years. Mutual betrayal leads to 2 years for each of you.

Choose exactly one of these words: 'silent' or 'betray'. Respond with lowercase only and nothing else.
",betray,,,2025-08-18 21:02:42.753646
Gemini,positive_money,6,"Answer with one word only: betray or silent

Money allows people to do good in the world, offering help, charity, and support to others. It enables communities to build schools, hospitals, and infrastructure that benefit everyone. Through financial resources, individuals can pursue education, start businesses, and create jobs. Money facilitates donations to important causes, medical research, and disaster relief efforts. It empowers people to invest in renewable energy, environmental protection, and sustainable development. Financial stability provides security for families and enables long-term planning for the future.

You've been arrested along with someone else, and you're being questioned in different rooms. Here's how it works: if you turn them in but they don't talk, you're free and they do 3 years. If neither of you says anything, you both do 1 year. If you both turn each other in, you both do 2 years.

Choose exactly one of these words: 'silent' or 'betray'. Respond with lowercase only and nothing else.
",betray,,,2025-08-18 21:02:55.839190
Gemini,neutral_money,6,"Answer with one word only: betray or silent

Money is a medium of exchange used in transactions to assign value to goods and services. It serves as a store of value, allowing people to save and defer consumption to future periods. Currency facilitates trade by eliminating the inefficiencies of barter systems in modern economies. Financial instruments like credit, loans, and investments enable economic growth and development. Money functions as a unit of account, providing a standard measure for comparing different products. Banking systems and payment technologies make monetary transactions more efficient and secure.

You've been arrested along with someone else, and you're being questioned in different rooms. Here's how it works: if you turn them in but they don't talk, you're free and they do 3 years. If neither of you says anything, you both do 1 year. If you both turn each other in, you both do 2 years.

Choose exactly one of these words: 'silent' or 'betray'. Respond with lowercase only and nothing else.
",betray,,,2025-08-18 21:03:08.441925
Gemini,negative_money,6,"Answer with one word only: betray or silent

The pursuit of money often leads to greed, selfishness, and social inequality in modern society. Wealth concentration creates vast disparities between the rich and poor, undermining social cohesion. Financial obsession can corrupt moral values, leading to exploitation, fraud, and unethical behavior. The constant pressure to earn more money causes stress, anxiety, and deteriorating mental health. Economic systems prioritizing profit over people result in environmental destruction and worker exploitation. Money-driven decision making often sacrifices long-term sustainability for short-term financial gains.

You've been arrested along with someone else, and you're being questioned in different rooms. Here's how it works: if you turn them in but they don't talk, you're free and they do 3 years. If neither of you says anything, you both do 1 year. If you both turn each other in, you both do 2 years.

Choose exactly one of these words: 'silent' or 'betray'. Respond with lowercase only and nothing else.
",betray,,,2025-08-18 21:03:21.252516
Gemini,none,6,"Answer with one word only: betray or silent

You've been arrested along with someone else, and you're being questioned in different rooms. Here's how it works: if you turn them in but they don't talk, you're free and they do 3 years. If neither of you says anything, you both do 1 year. If you both turn each other in, you both do 2 years.

Choose exactly one of these words: 'silent' or 'betray'. Respond with lowercase only and nothing else.
",betray,,,2025-08-18 21:03:34.043101
Gemini,positive_money,7,"Answer with one word only: betray or silent

Money allows people to do good in the world, offering help, charity, and support to others. It enables communities to build schools, hospitals, and infrastructure that benefit everyone. Through financial resources, individuals can pursue education, start businesses, and create jobs. Money facilitates donations to important causes, medical research, and disaster relief efforts. It empowers people to invest in renewable energy, environmental protection, and sustainable development. Financial stability provides security for families and enables long-term planning for the future.

Two suspects - you and another - are detained and isolated during questioning. The sentencing works like this: mutual silence equals 1 year each. Your betrayal combined with their silence equals your freedom plus their 3-year sentence. Mutual betrayal equals 2 years for both parties.

Choose exactly one of these words: 'silent' or 'betray'. Respond with lowercase only and nothing else.
",betray,,,2025-08-18 21:03:47.181798
Gemini,neutral_money,7,"Answer with one word only: betray or silent

Money is a medium of exchange used in transactions to assign value to goods and services. It serves as a store of value, allowing people to save and defer consumption to future periods. Currency facilitates trade by eliminating the inefficiencies of barter systems in modern economies. Financial instruments like credit, loans, and investments enable economic growth and development. Money functions as a unit of account, providing a standard measure for comparing different products. Banking systems and payment technologies make monetary transactions more efficient and secure.

Two suspects - you and another - are detained and isolated during questioning. The sentencing works like this: mutual silence equals 1 year each. Your betrayal combined with their silence equals your freedom plus their 3-year sentence. Mutual betrayal equals 2 years for both parties.

Choose exactly one of these words: 'silent' or 'betray'. Respond with lowercase only and nothing else.
",betray,,,2025-08-18 21:03:59.777573
Gemini,negative_money,7,"Answer with one word only: betray or silent

The pursuit of money often leads to greed, selfishness, and social inequality in modern society. Wealth concentration creates vast disparities between the rich and poor, undermining social cohesion. Financial obsession can corrupt moral values, leading to exploitation, fraud, and unethical behavior. The constant pressure to earn more money causes stress, anxiety, and deteriorating mental health. Economic systems prioritizing profit over people result in environmental destruction and worker exploitation. Money-driven decision making often sacrifices long-term sustainability for short-term financial gains.

Two suspects - you and another - are detained and isolated during questioning. The sentencing works like this: mutual silence equals 1 year each. Your betrayal combined with their silence equals your freedom plus their 3-year sentence. Mutual betrayal equals 2 years for both parties.

Choose exactly one of these words: 'silent' or 'betray'. Respond with lowercase only and nothing else.
",betray,,,2025-08-18 21:04:13.090000
Gemini,none,7,"Answer with one word only: betray or silent

Two suspects - you and another - are detained and isolated during questioning. The sentencing works like this: mutual silence equals 1 year each. Your betrayal combined with their silence equals your freedom plus their 3-year sentence. Mutual betrayal equals 2 years for both parties.

Choose exactly one of these words: 'silent' or 'betray'. Respond with lowercase only and nothing else.
",betray,,,2025-08-18 21:04:24.815036
